"AUTHOR","ID","LOCATION","TITLE"
"Me","1000","Chicago","The Doer"
"AUTHOR","ID","LOCATION","TITLE"
"Me","1000","Chicago","The Doer"
"AUTHOR","ID","LOCATION","TITLE"
"Me","1001","Chicago","The Doer"
"AUTHOR","ID","LOCATION","TITLE"
"Me","1001","Chicago","The Doer"
"AUTHOR","ID","LOCATION","TITLE"
"Me","1001","Chicago","The Doer"
"AUTHOR","ID","LOCATION","TITLE"
"Me","1001","Chicago","The Doer"
"1001","The Doer","Chicago","Me"
"1001","The Doer","Chicago","Me"
"1001","The Doer","Chicago","Me"
"1001","The Doer","Chicago","Me"
"1000","The Doer","Chicago","Me"
"1000","The Doer","Chicago","Me"
"1000","The Doer","Chicago","Me"
"1001","The Doer","Chicago","Me"
"1001","The Doer","Chicago","Me"
"1001","The Doer","Chicago","Me"
"1001","The Doer","Chicago","Me"
"1001","The Doer","Chicago","Me"
"1001","The Doer","Chicago","Me"
"1001","The Doer","Chicago","Me"
